연령별,시점,암검진별,성별,대상인원,수검인원,연령대
20 ~ 24세,2016,위암,남자,0,0,20대
20 ~ 24세,2016,위암,여자,0,0,20대
20 ~ 24세,2016,대장암,남자,0,0,20대
20 ~ 24세,2016,대장암,여자,0,0,20대
20 ~ 24세,2016,간암,남자,0,0,20대
20 ~ 24세,2016,간암,여자,0,0,20대
20 ~ 24세,2016,유방암,남자,0,0,20대
20 ~ 24세,2016,유방암,여자,0,0,20대
20 ~ 24세,2016,자궁경부암,남자,0,0,20대
20 ~ 24세,2016,자궁경부암,여자,736010,138829,20대
20 ~ 24세,2017,위암,남자,0,0,20대
20 ~ 24세,2017,위암,여자,0,0,20대
20 ~ 24세,2017,대장암,남자,0,0,20대
20 ~ 24세,2017,대장암,여자,0,0,20대
20 ~ 24세,2017,간암,남자,0,0,20대
20 ~ 24세,2017,간암,여자,0,0,20대
20 ~ 24세,2017,유방암,남자,0,0,20대
20 ~ 24세,2017,유방암,여자,0,0,20대
20 ~ 24세,2017,자궁경부암,남자,0,0,20대
20 ~ 24세,2017,자궁경부암,여자,746162,166205,20대
20 ~ 24세,2018,위암,남자,0,0,20대
20 ~ 24세,2018,위암,여자,0,0,20대
20 ~ 24세,2018,대장암,남자,0,0,20대
20 ~ 24세,2018,대장암,여자,0,0,20대
20 ~ 24세,2018,간암,남자,0,0,20대
20 ~ 24세,2018,간암,여자,0,0,20대
20 ~ 24세,2018,유방암,남자,0,0,20대
20 ~ 24세,2018,유방암,여자,0,0,20대
20 ~ 24세,2018,자궁경부암,남자,0,0,20대
20 ~ 24세,2018,자궁경부암,여자,677586,170449,20대
20 ~ 24세,2019,위암,남자,0,0,20대
20 ~ 24세,2019,위암,여자,0,0,20대
20 ~ 24세,2019,대장암,남자,0,0,20대
20 ~ 24세,2019,대장암,여자,0,0,20대
20 ~ 24세,2019,간암,남자,0,0,20대
20 ~ 24세,2019,간암,여자,0,0,20대
20 ~ 24세,2019,유방암,남자,0,0,20대
20 ~ 24세,2019,유방암,여자,0,0,20대
20 ~ 24세,2019,자궁경부암,남자,0,0,20대
20 ~ 24세,2019,자궁경부암,여자,616456,184179,20대
25 ~ 29세,2016,위암,남자,0,0,20대
25 ~ 29세,2016,위암,여자,0,0,20대
25 ~ 29세,2016,대장암,남자,0,0,20대
25 ~ 29세,2016,대장암,여자,0,0,20대
25 ~ 29세,2016,간암,남자,0,0,20대
25 ~ 29세,2016,간암,여자,0,0,20대
25 ~ 29세,2016,유방암,남자,0,0,20대
25 ~ 29세,2016,유방암,여자,0,0,20대
25 ~ 29세,2016,자궁경부암,남자,0,0,20대
25 ~ 29세,2016,자궁경부암,여자,509967,196687,20대
25 ~ 29세,2017,위암,남자,0,0,20대
25 ~ 29세,2017,위암,여자,0,0,20대
25 ~ 29세,2017,대장암,남자,0,0,20대
25 ~ 29세,2017,대장암,여자,0,0,20대
25 ~ 29세,2017,간암,남자,0,0,20대
25 ~ 29세,2017,간암,여자,0,0,20대
25 ~ 29세,2017,유방암,남자,0,0,20대
25 ~ 29세,2017,유방암,여자,0,0,20대
25 ~ 29세,2017,자궁경부암,남자,0,0,20대
25 ~ 29세,2017,자궁경부암,여자,570046,251231,20대
25 ~ 29세,2018,위암,남자,0,0,20대
25 ~ 29세,2018,위암,여자,0,0,20대
25 ~ 29세,2018,대장암,남자,0,0,20대
25 ~ 29세,2018,대장암,여자,0,0,20대
25 ~ 29세,2018,간암,남자,0,0,20대
25 ~ 29세,2018,간암,여자,0,0,20대
25 ~ 29세,2018,유방암,남자,0,0,20대
25 ~ 29세,2018,유방암,여자,0,0,20대
25 ~ 29세,2018,자궁경부암,남자,0,0,20대
25 ~ 29세,2018,자궁경부암,여자,540447,254467,20대
25 ~ 29세,2019,위암,남자,0,0,20대
25 ~ 29세,2019,위암,여자,0,0,20대
25 ~ 29세,2019,대장암,남자,0,0,20대
25 ~ 29세,2019,대장암,여자,0,0,20대
25 ~ 29세,2019,간암,남자,0,0,20대
25 ~ 29세,2019,간암,여자,0,0,20대
25 ~ 29세,2019,유방암,남자,0,0,20대
25 ~ 29세,2019,유방암,여자,0,0,20대
25 ~ 29세,2019,자궁경부암,남자,0,0,20대
25 ~ 29세,2019,자궁경부암,여자,515270,276703,20대
30 ~ 34세,2010,위암,남자,0,0,30대
30 ~ 34세,2010,위암,여자,0,0,30대
30 ~ 34세,2010,대장암,남자,0,0,30대
30 ~ 34세,2010,대장암,여자,0,0,30대
30 ~ 34세,2010,간암,남자,0,0,30대
30 ~ 34세,2010,간암,여자,0,0,30대
30 ~ 34세,2010,유방암,남자,0,0,30대
30 ~ 34세,2010,유방암,여자,0,0,30대
30 ~ 34세,2010,자궁경부암,남자,0,0,30대
30 ~ 34세,2010,자궁경부암,여자,487487,129509,30대
30 ~ 34세,2011,위암,남자,0,0,30대
30 ~ 34세,2011,위암,여자,0,0,30대
30 ~ 34세,2011,대장암,남자,0,0,30대
30 ~ 34세,2011,대장암,여자,0,0,30대
30 ~ 34세,2011,간암,남자,0,0,30대
30 ~ 34세,2011,간암,여자,0,0,30대
30 ~ 34세,2011,유방암,남자,0,0,30대
30 ~ 34세,2011,유방암,여자,0,0,30대
30 ~ 34세,2011,자궁경부암,남자,0,0,30대
30 ~ 34세,2011,자궁경부암,여자,615279,254831,30대
30 ~ 34세,2012,위암,남자,0,0,30대
30 ~ 34세,2012,위암,여자,0,0,30대
30 ~ 34세,2012,대장암,남자,0,0,30대
30 ~ 34세,2012,대장암,여자,0,0,30대
30 ~ 34세,2012,간암,남자,0,0,30대
30 ~ 34세,2012,간암,여자,0,0,30대
30 ~ 34세,2012,유방암,남자,0,0,30대
30 ~ 34세,2012,유방암,여자,0,0,30대
30 ~ 34세,2012,자궁경부암,남자,0,0,30대
30 ~ 34세,2012,자궁경부암,여자,1106556,306849,30대
30 ~ 34세,2013,위암,남자,0,0,30대
30 ~ 34세,2013,위암,여자,0,0,30대
30 ~ 34세,2013,대장암,남자,0,0,30대
30 ~ 34세,2013,대장암,여자,0,0,30대
30 ~ 34세,2013,간암,남자,0,0,30대
30 ~ 34세,2013,간암,여자,0,0,30대
30 ~ 34세,2013,유방암,남자,0,0,30대
30 ~ 34세,2013,유방암,여자,0,0,30대
30 ~ 34세,2013,자궁경부암,남자,0,0,30대
30 ~ 34세,2013,자궁경부암,여자,990443,364294,30대
30 ~ 34세,2014,위암,남자,0,0,30대
30 ~ 34세,2014,위암,여자,0,0,30대
30 ~ 34세,2014,대장암,남자,0,0,30대
30 ~ 34세,2014,대장암,여자,0,0,30대
30 ~ 34세,2014,간암,남자,0,0,30대
30 ~ 34세,2014,간암,여자,0,0,30대
30 ~ 34세,2014,유방암,남자,0,0,30대
30 ~ 34세,2014,유방암,여자,0,0,30대
30 ~ 34세,2014,자궁경부암,남자,0,0,30대
30 ~ 34세,2014,자궁경부암,여자,952550,404738,30대
30 ~ 34세,2015,자궁경부암,여자,934426,441708,30대
30 ~ 34세,2016,위암,남자,0,0,30대
30 ~ 34세,2016,위암,여자,0,0,30대
30 ~ 34세,2016,대장암,남자,0,0,30대
30 ~ 34세,2016,대장암,여자,0,0,30대
30 ~ 34세,2016,간암,남자,0,0,30대
30 ~ 34세,2016,간암,여자,0,0,30대
30 ~ 34세,2016,유방암,남자,0,0,30대
30 ~ 34세,2016,유방암,여자,0,0,30대
30 ~ 34세,2016,자궁경부암,남자,0,0,30대
30 ~ 34세,2016,자궁경부암,여자,905536,472786,30대
30 ~ 34세,2017,위암,남자,0,0,30대
30 ~ 34세,2017,위암,여자,0,0,30대
30 ~ 34세,2017,대장암,남자,0,0,30대
30 ~ 34세,2017,대장암,여자,0,0,30대
30 ~ 34세,2017,간암,남자,0,0,30대
30 ~ 34세,2017,간암,여자,0,0,30대
30 ~ 34세,2017,유방암,남자,0,0,30대
30 ~ 34세,2017,유방암,여자,0,0,30대
30 ~ 34세,2017,자궁경부암,남자,0,0,30대
30 ~ 34세,2017,자궁경부암,여자,880770,482125,30대
30 ~ 34세,2018,위암,남자,0,0,30대
30 ~ 34세,2018,위암,여자,0,0,30대
30 ~ 34세,2018,대장암,남자,0,0,30대
30 ~ 34세,2018,대장암,여자,0,0,30대
30 ~ 34세,2018,간암,남자,0,0,30대
30 ~ 34세,2018,간암,여자,0,0,30대
30 ~ 34세,2018,유방암,남자,0,0,30대
30 ~ 34세,2018,유방암,여자,0,0,30대
30 ~ 34세,2018,자궁경부암,남자,0,0,30대
30 ~ 34세,2018,자궁경부암,여자,803023,473501,30대
30 ~ 34세,2019,위암,남자,0,0,30대
30 ~ 34세,2019,위암,여자,0,0,30대
30 ~ 34세,2019,대장암,남자,0,0,30대
30 ~ 34세,2019,대장암,여자,0,0,30대
30 ~ 34세,2019,간암,남자,0,0,30대
30 ~ 34세,2019,간암,여자,0,0,30대
30 ~ 34세,2019,유방암,남자,0,0,30대
30 ~ 34세,2019,유방암,여자,0,0,30대
30 ~ 34세,2019,자궁경부암,남자,0,0,30대
30 ~ 34세,2019,자궁경부암,여자,781246,496289,30대
35 ~ 39세,2010,위암,남자,0,0,30대
35 ~ 39세,2010,위암,여자,0,0,30대
35 ~ 39세,2010,대장암,남자,0,0,30대
35 ~ 39세,2010,대장암,여자,0,0,30대
35 ~ 39세,2010,간암,남자,0,0,30대
35 ~ 39세,2010,간암,여자,0,0,30대
35 ~ 39세,2010,유방암,남자,0,0,30대
35 ~ 39세,2010,유방암,여자,0,0,30대
35 ~ 39세,2010,자궁경부암,남자,0,0,30대
35 ~ 39세,2010,자궁경부암,여자,428174,144880,30대
35 ~ 39세,2011,위암,남자,0,0,30대
35 ~ 39세,2011,위암,여자,0,0,30대
35 ~ 39세,2011,대장암,남자,0,0,30대
35 ~ 39세,2011,대장암,여자,0,0,30대
35 ~ 39세,2011,간암,남자,0,0,30대
35 ~ 39세,2011,간암,여자,0,0,30대
35 ~ 39세,2011,유방암,남자,0,0,30대
35 ~ 39세,2011,유방암,여자,0,0,30대
35 ~ 39세,2011,자궁경부암,남자,0,0,30대
35 ~ 39세,2011,자궁경부암,여자,488731,248566,30대
35 ~ 39세,2012,위암,남자,0,0,30대
35 ~ 39세,2012,위암,여자,0,0,30대
35 ~ 39세,2012,대장암,남자,0,0,30대
35 ~ 39세,2012,대장암,여자,0,0,30대
35 ~ 39세,2012,간암,남자,0,0,30대
35 ~ 39세,2012,간암,여자,0,0,30대
35 ~ 39세,2012,유방암,남자,0,0,30대
35 ~ 39세,2012,유방암,여자,0,0,30대
35 ~ 39세,2012,자궁경부암,남자,0,0,30대
35 ~ 39세,2012,자궁경부암,여자,775269,269886,30대
35 ~ 39세,2013,위암,남자,0,0,30대
35 ~ 39세,2013,위암,여자,0,0,30대
35 ~ 39세,2013,대장암,남자,0,0,30대
35 ~ 39세,2013,대장암,여자,0,0,30대
35 ~ 39세,2013,간암,남자,0,0,30대
35 ~ 39세,2013,간암,여자,0,0,30대
35 ~ 39세,2013,유방암,남자,0,0,30대
35 ~ 39세,2013,유방암,여자,0,0,30대
35 ~ 39세,2013,자궁경부암,남자,0,0,30대
35 ~ 39세,2013,자궁경부암,여자,667375,273385,30대
35 ~ 39세,2014,위암,남자,0,0,30대
35 ~ 39세,2014,위암,여자,0,0,30대
35 ~ 39세,2014,대장암,남자,0,0,30대
35 ~ 39세,2014,대장암,여자,0,0,30대
35 ~ 39세,2014,간암,남자,0,0,30대
35 ~ 39세,2014,간암,여자,0,0,30대
35 ~ 39세,2014,유방암,남자,0,0,30대
35 ~ 39세,2014,유방암,여자,0,0,30대
35 ~ 39세,2014,자궁경부암,남자,0,0,30대
35 ~ 39세,2014,자궁경부암,여자,622102,289791,30대
35 ~ 39세,2015,자궁경부암,여자,693688,348864,30대
35 ~ 39세,2016,위암,남자,0,0,30대
35 ~ 39세,2016,위암,여자,0,0,30대
35 ~ 39세,2016,대장암,남자,0,0,30대
35 ~ 39세,2016,대장암,여자,0,0,30대
35 ~ 39세,2016,간암,남자,0,0,30대
35 ~ 39세,2016,간암,여자,0,0,30대
35 ~ 39세,2016,유방암,남자,0,0,30대
35 ~ 39세,2016,유방암,여자,0,0,30대
35 ~ 39세,2016,자궁경부암,남자,0,0,30대
35 ~ 39세,2016,자궁경부암,여자,685108,372339,30대
35 ~ 39세,2017,위암,남자,0,0,30대
35 ~ 39세,2017,위암,여자,0,0,30대
35 ~ 39세,2017,대장암,남자,0,0,30대
35 ~ 39세,2017,대장암,여자,0,0,30대
35 ~ 39세,2017,간암,남자,0,0,30대
35 ~ 39세,2017,간암,여자,0,0,30대
35 ~ 39세,2017,유방암,남자,0,0,30대
35 ~ 39세,2017,유방암,여자,0,0,30대
35 ~ 39세,2017,자궁경부암,남자,0,0,30대
35 ~ 39세,2017,자궁경부암,여자,744400,421921,30대
35 ~ 39세,2018,위암,남자,0,0,30대
35 ~ 39세,2018,위암,여자,0,0,30대
35 ~ 39세,2018,대장암,남자,0,0,30대
35 ~ 39세,2018,대장암,여자,0,0,30대
35 ~ 39세,2018,간암,남자,0,0,30대
35 ~ 39세,2018,간암,여자,0,0,30대
35 ~ 39세,2018,유방암,남자,0,0,30대
35 ~ 39세,2018,유방암,여자,0,0,30대
35 ~ 39세,2018,자궁경부암,남자,0,0,30대
35 ~ 39세,2018,자궁경부암,여자,727507,445941,30대
35 ~ 39세,2019,위암,남자,0,0,30대
35 ~ 39세,2019,위암,여자,0,0,30대
35 ~ 39세,2019,대장암,남자,0,0,30대
35 ~ 39세,2019,대장암,여자,0,0,30대
35 ~ 39세,2019,간암,남자,0,0,30대
35 ~ 39세,2019,간암,여자,0,0,30대
35 ~ 39세,2019,유방암,남자,0,0,30대
35 ~ 39세,2019,유방암,여자,0,0,30대
35 ~ 39세,2019,자궁경부암,남자,0,0,30대
35 ~ 39세,2019,자궁경부암,여자,690878,448150,30대
40 ~ 44세,2010,위암,남자,1288553,422169,40대
40 ~ 44세,2010,위암,여자,1146039,521697,40대
40 ~ 44세,2010,대장암,남자,0,0,40대
40 ~ 44세,2010,대장암,여자,0,0,40대
40 ~ 44세,2010,간암,남자,77087,29894,40대
40 ~ 44세,2010,간암,여자,29728,15744,40대
40 ~ 44세,2010,유방암,남자,0,0,40대
40 ~ 44세,2010,유방암,여자,1135600,553841,40대
40 ~ 44세,2010,자궁경부암,남자,0,0,40대
40 ~ 44세,2010,자궁경부암,여자,1126986,498978,40대
40 ~ 44세,2011,위암,남자,1301467,466194,40대
40 ~ 44세,2011,위암,여자,1289077,588181,40대
40 ~ 44세,2011,대장암,남자,0,0,40대
40 ~ 44세,2011,대장암,여자,0,0,40대
40 ~ 44세,2011,간암,남자,99386,39162,40대
40 ~ 44세,2011,간암,여자,48631,25557,40대
40 ~ 44세,2011,유방암,남자,0,0,40대
40 ~ 44세,2011,유방암,여자,1290670,617512,40대
40 ~ 44세,2011,자궁경부암,남자,0,0,40대
40 ~ 44세,2011,자궁경부암,여자,1300429,590837,40대
40 ~ 44세,2012,위암,남자,1170992,472871,40대
40 ~ 44세,2012,위암,여자,1123510,588182,40대
40 ~ 44세,2012,대장암,남자,0,0,40대
40 ~ 44세,2012,대장암,여자,0,0,40대
40 ~ 44세,2012,간암,남자,107617,41744,40대
40 ~ 44세,2012,간암,여자,65330,31125,40대
40 ~ 44세,2012,유방암,남자,0,0,40대
40 ~ 44세,2012,유방암,여자,1121263,616891,40대
40 ~ 44세,2012,자궁경부암,남자,0,0,40대
40 ~ 44세,2012,자궁경부암,여자,1113341,587638,40대
40 ~ 44세,2013,위암,남자,1194717,507734,40대
40 ~ 44세,2013,위암,여자,1154968,603950,40대
40 ~ 44세,2013,대장암,남자,0,0,40대
40 ~ 44세,2013,대장암,여자,0,0,40대
40 ~ 44세,2013,간암,남자,94338,44374,40대
40 ~ 44세,2013,간암,여자,59533,32730,40대
40 ~ 44세,2013,유방암,남자,0,0,40대
40 ~ 44세,2013,유방암,여자,1163132,638204,40대
40 ~ 44세,2013,자궁경부암,남자,0,0,40대
40 ~ 44세,2013,자궁경부암,여자,1160966,622644,40대
40 ~ 44세,2014,위암,남자,1160645,519381,40대
40 ~ 44세,2014,위암,여자,1103869,604414,40대
40 ~ 44세,2014,대장암,남자,0,0,40대
40 ~ 44세,2014,대장암,여자,0,0,40대
40 ~ 44세,2014,간암,남자,91844,46169,40대
40 ~ 44세,2014,간암,여자,57093,33053,40대
40 ~ 44세,2014,유방암,남자,0,0,40대
40 ~ 44세,2014,유방암,여자,1112609,637155,40대
40 ~ 44세,2014,자궁경부암,남자,0,0,40대
40 ~ 44세,2014,자궁경부암,여자,1113372,630837,40대
40 ~ 44세,2015,위암,남자,1138797,563515,40대
40 ~ 44세,2015,위암,여자,1104996,625013,40대
40 ~ 44세,2015,간암,남자,92232,49511,40대
40 ~ 44세,2015,간암,여자,55954,34110,40대
40 ~ 44세,2015,유방암,여자,1113827,663353,40대
40 ~ 44세,2015,자궁경부암,여자,1116485,660062,40대
40 ~ 44세,2016,위암,남자,1119281,587040,40대
40 ~ 44세,2016,위암,여자,1069643,638642,40대
40 ~ 44세,2016,대장암,남자,0,0,40대
40 ~ 44세,2016,대장암,여자,0,0,40대
40 ~ 44세,2016,간암,남자,67059,42925,40대
40 ~ 44세,2016,간암,여자,44289,31671,40대
40 ~ 44세,2016,유방암,남자,0,0,40대
40 ~ 44세,2016,유방암,여자,1075956,669825,40대
40 ~ 44세,2016,자궁경부암,남자,0,0,40대
40 ~ 44세,2016,자궁경부암,여자,1079403,669691,40대
40 ~ 44세,2017,위암,남자,1076051,586105,40대
40 ~ 44세,2017,위암,여자,1064162,643518,40대
40 ~ 44세,2017,대장암,남자,0,0,40대
40 ~ 44세,2017,대장암,여자,0,0,40대
40 ~ 44세,2017,간암,남자,63121,41466,40대
40 ~ 44세,2017,간암,여자,41531,30471,40대
40 ~ 44세,2017,유방암,남자,0,0,40대
40 ~ 44세,2017,유방암,여자,1071449,678390,40대
40 ~ 44세,2017,자궁경부암,남자,0,0,40대
40 ~ 44세,2017,자궁경부암,여자,1078378,684336,40대
40 ~ 44세,2018,위암,남자,995936,584521,40대
40 ~ 44세,2018,위암,여자,963143,593929,40대
40 ~ 44세,2018,대장암,남자,0,0,40대
40 ~ 44세,2018,대장암,여자,0,0,40대
40 ~ 44세,2018,간암,남자,64073,45366,40대
40 ~ 44세,2018,간암,여자,43467,33286,40대
40 ~ 44세,2018,유방암,남자,0,0,40대
40 ~ 44세,2018,유방암,여자,972306,630115,40대
40 ~ 44세,2018,자궁경부암,남자,0,0,40대
40 ~ 44세,2018,자궁경부암,여자,980103,642735,40대
40 ~ 44세,2019,위암,남자,1023321,620168,40대
40 ~ 44세,2019,위암,여자,1020216,639162,40대
40 ~ 44세,2019,대장암,남자,0,0,40대
40 ~ 44세,2019,대장암,여자,0,0,40대
40 ~ 44세,2019,간암,남자,61604,45000,40대
40 ~ 44세,2019,간암,여자,42152,33083,40대
40 ~ 44세,2019,유방암,남자,0,0,40대
40 ~ 44세,2019,유방암,여자,1026482,676068,40대
40 ~ 44세,2019,자궁경부암,남자,0,0,40대
40 ~ 44세,2019,자궁경부암,여자,1037704,687441,40대
45 ~ 49세,2010,위암,남자,1025575,315061,40대
45 ~ 49세,2010,위암,여자,833034,377695,40대
45 ~ 49세,2010,대장암,남자,0,0,40대
45 ~ 49세,2010,대장암,여자,0,0,40대
45 ~ 49세,2010,간암,남자,74462,27359,40대
45 ~ 49세,2010,간암,여자,24101,12453,40대
45 ~ 49세,2010,유방암,남자,0,0,40대
45 ~ 49세,2010,유방암,여자,820014,398491,40대
45 ~ 49세,2010,자궁경부암,남자,0,0,40대
45 ~ 49세,2010,자궁경부암,여자,834366,360553,40대
45 ~ 49세,2011,위암,남자,873379,325428,40대
45 ~ 49세,2011,위암,여자,840092,402350,40대
45 ~ 49세,2011,대장암,남자,0,0,40대
45 ~ 49세,2011,대장암,여자,0,0,40대
45 ~ 49세,2011,간암,남자,81830,29607,40대
45 ~ 49세,2011,간암,여자,29849,15180,40대
45 ~ 49세,2011,유방암,남자,0,0,40대
45 ~ 49세,2011,유방암,여자,849523,425387,40대
45 ~ 49세,2011,자궁경부암,남자,0,0,40대
45 ~ 49세,2011,자궁경부암,여자,837227,388962,40대
45 ~ 49세,2012,위암,남자,798737,311545,40대
45 ~ 49세,2012,위암,여자,715514,376160,40대
45 ~ 49세,2012,대장암,남자,0,0,40대
45 ~ 49세,2012,대장암,여자,0,0,40대
45 ~ 49세,2012,간암,남자,101873,34532,40대
45 ~ 49세,2012,간암,여자,56536,22993,40대
45 ~ 49세,2012,유방암,남자,0,0,40대
45 ~ 49세,2012,유방암,여자,720467,394599,40대
45 ~ 49세,2012,자궁경부암,남자,0,0,40대
45 ~ 49세,2012,자궁경부암,여자,710826,370036,40대
45 ~ 49세,2013,위암,남자,741651,301551,40대
45 ~ 49세,2013,위암,여자,747829,390804,40대
45 ~ 49세,2013,대장암,남자,0,0,40대
45 ~ 49세,2013,대장암,여자,0,0,40대
45 ~ 49세,2013,간암,남자,93503,40696,40대
45 ~ 49세,2013,간암,여자,55745,28502,40대
45 ~ 49세,2013,유방암,남자,0,0,40대
45 ~ 49세,2013,유방암,여자,751453,408420,40대
45 ~ 49세,2013,자궁경부암,남자,0,0,40대
45 ~ 49세,2013,자궁경부암,여자,745699,392328,40대
45 ~ 49세,2014,위암,남자,769677,332361,40대
45 ~ 49세,2014,위암,여자,743612,406917,40대
45 ~ 49세,2014,대장암,남자,0,0,40대
45 ~ 49세,2014,대장암,여자,0,0,40대
45 ~ 49세,2014,간암,남자,96360,45201,40대
45 ~ 49세,2014,간암,여자,59310,31803,40대
45 ~ 49세,2014,유방암,남자,0,0,40대
45 ~ 49세,2014,유방암,여자,747723,425809,40대
45 ~ 49세,2014,자궁경부암,남자,0,0,40대
45 ~ 49세,2014,자궁경부암,여자,743846,416179,40대
45 ~ 49세,2015,위암,남자,777658,372863,40대
45 ~ 49세,2015,위암,여자,785543,448168,40대
45 ~ 49세,2015,간암,남자,104148,52254,40대
45 ~ 49세,2015,간암,여자,64175,36831,40대
45 ~ 49세,2015,유방암,여자,789741,469537,40대
45 ~ 49세,2015,자궁경부암,여자,787632,461445,40대
45 ~ 49세,2016,위암,남자,826671,422639,40대
45 ~ 49세,2016,위암,여자,826197,496859,40대
45 ~ 49세,2016,대장암,남자,0,0,40대
45 ~ 49세,2016,대장암,여자,0,0,40대
45 ~ 49세,2016,간암,남자,80499,49217,40대
45 ~ 49세,2016,간암,여자,56872,38698,40대
45 ~ 49세,2016,유방암,남자,0,0,40대
45 ~ 49세,2016,유방암,여자,828412,515470,40대
45 ~ 49세,2016,자궁경부암,남자,0,0,40대
45 ~ 49세,2016,자궁경부암,여자,827802,510771,40대
45 ~ 49세,2017,위암,남자,834983,439972,40대
45 ~ 49세,2017,위암,여자,828346,501252,40대
45 ~ 49세,2017,대장암,남자,0,0,40대
45 ~ 49세,2017,대장암,여자,0,0,40대
45 ~ 49세,2017,간암,남자,79236,50593,40대
45 ~ 49세,2017,간암,여자,55856,39163,40대
45 ~ 49세,2017,유방암,남자,0,0,40대
45 ~ 49세,2017,유방암,여자,830578,520746,40대
45 ~ 49세,2017,자궁경부암,남자,0,0,40대
45 ~ 49세,2017,자궁경부암,여자,833529,521299,40대
45 ~ 49세,2018,위암,남자,788430,450634,40대
45 ~ 49세,2018,위암,여자,781904,491559,40대
45 ~ 49세,2018,대장암,남자,0,0,40대
45 ~ 49세,2018,대장암,여자,0,0,40대
45 ~ 49세,2018,간암,남자,83925,57356,40대
45 ~ 49세,2018,간암,여자,59967,44543,40대
45 ~ 49세,2018,유방암,남자,0,0,40대
45 ~ 49세,2018,유방암,여자,784812,510379,40대
45 ~ 49세,2018,자궁경부암,남자,0,0,40대
45 ~ 49세,2018,자궁경부암,여자,788981,514397,40대
45 ~ 49세,2019,위암,남자,805450,480178,40대
45 ~ 49세,2019,위암,여자,809856,518679,40대
45 ~ 49세,2019,대장암,남자,0,0,40대
45 ~ 49세,2019,대장암,여자,0,0,40대
45 ~ 49세,2019,간암,남자,83771,59353,40대
45 ~ 49세,2019,간암,여자,59288,45458,40대
45 ~ 49세,2019,유방암,남자,0,0,40대
45 ~ 49세,2019,유방암,여자,807769,534976,40대
45 ~ 49세,2019,자궁경부암,남자,0,0,40대
45 ~ 49세,2019,자궁경부암,여자,816717,539059,40대
50 ~ 54세,2010,위암,남자,1095903,404782,50대
50 ~ 54세,2010,위암,여자,1022760,538763,50대
50 ~ 54세,2010,대장암,남자,1257331,316754,50대
50 ~ 54세,2010,대장암,여자,1175999,432764,50대
50 ~ 54세,2010,간암,남자,86437,35548,50대
50 ~ 54세,2010,간암,여자,36843,20854,50대
50 ~ 54세,2010,유방암,남자,0,0,50대
50 ~ 54세,2010,유방암,여자,1011289,554784,50대
50 ~ 54세,2010,자궁경부암,남자,0,0,50대
50 ~ 54세,2010,자궁경부암,여자,1032709,494677,50대
50 ~ 54세,2011,위암,남자,1194826,481027,50대
50 ~ 54세,2011,위암,여자,1252094,665250,50대
50 ~ 54세,2011,대장암,남자,1361510,335750,50대
50 ~ 54세,2011,대장암,여자,1315945,477148,50대
50 ~ 54세,2011,간암,남자,103074,40792,50대
50 ~ 54세,2011,간암,여자,52477,29352,50대
50 ~ 54세,2011,유방암,남자,0,0,50대
50 ~ 54세,2011,유방암,여자,1257706,685697,50대
50 ~ 54세,2011,자궁경부암,남자,0,0,50대
50 ~ 54세,2011,자궁경부암,여자,1245717,614590,50대
50 ~ 54세,2012,위암,남자,1149608,508482,50대
50 ~ 54세,2012,위암,여자,1102582,658702,50대
50 ~ 54세,2012,대장암,남자,1859394,385558,50대
50 ~ 54세,2012,대장암,여자,1836522,524097,50대
50 ~ 54세,2012,간암,남자,114033,45095,50대
50 ~ 54세,2012,간암,여자,69796,34514,50대
50 ~ 54세,2012,유방암,남자,0,0,50대
50 ~ 54세,2012,유방암,여자,1106865,674211,50대
50 ~ 54세,2012,자궁경부암,남자,0,0,50대
50 ~ 54세,2012,자궁경부암,여자,1087243,617419,50대
50 ~ 54세,2013,위암,남자,1095288,477964,50대
50 ~ 54세,2013,위암,여자,1098179,635705,50대
50 ~ 54세,2013,대장암,남자,1782310,406934,50대
50 ~ 54세,2013,대장암,여자,1709897,533745,50대
50 ~ 54세,2013,간암,남자,98555,45007,50대
50 ~ 54세,2013,간암,여자,63781,35615,50대
50 ~ 54세,2013,유방암,남자,0,0,50대
50 ~ 54세,2013,유방암,여자,1101939,652887,50대
50 ~ 54세,2013,자궁경부암,남자,0,0,50대
50 ~ 54세,2013,자궁경부암,여자,1088075,610247,50대
50 ~ 54세,2014,위암,남자,1125176,509212,50대
50 ~ 54세,2014,위암,여자,1118208,659968,50대
50 ~ 54세,2014,대장암,남자,1762445,425869,50대
50 ~ 54세,2014,대장암,여자,1673023,552275,50대
50 ~ 54세,2014,간암,남자,94899,46565,50대
50 ~ 54세,2014,간암,여자,60882,35951,50대
50 ~ 54세,2014,유방암,남자,0,0,50대
50 ~ 54세,2014,유방암,여자,1123213,681204,50대
50 ~ 54세,2014,자궁경부암,남자,0,0,50대
50 ~ 54세,2014,자궁경부암,여자,1111957,646944,50대
50 ~ 54세,2015,위암,남자,1096598,531494,50대
50 ~ 54세,2015,위암,여자,1100066,658366,50대
50 ~ 54세,2015,대장암,남자,1737665,456563,50대
50 ~ 54세,2015,대장암,여자,1662363,565581,50대
50 ~ 54세,2015,간암,남자,97240,49920,50대
50 ~ 54세,2015,간암,여자,59097,36043,50대
50 ~ 54세,2015,유방암,여자,1104692,683899,50대
50 ~ 54세,2015,자궁경부암,여자,1095718,655420,50대
50 ~ 54세,2016,위암,남자,1113263,562090,50대
50 ~ 54세,2016,위암,여자,1087386,675757,50대
50 ~ 54세,2016,대장암,남자,1720806,468076,50대
50 ~ 54세,2016,대장암,여자,1631292,577656,50대
50 ~ 54세,2016,간암,남자,61632,38193,50대
50 ~ 54세,2016,간암,여자,38639,27588,50대
50 ~ 54세,2016,유방암,남자,0,0,50대
50 ~ 54세,2016,유방암,여자,1091014,699315,50대
50 ~ 54세,2016,자궁경부암,남자,0,0,50대
50 ~ 54세,2016,자궁경부암,여자,1083640,676774,50대
50 ~ 54세,2017,위암,남자,1079216,561627,50대
50 ~ 54세,2017,위암,여자,1099826,685143,50대
50 ~ 54세,2017,대장암,남자,1706210,486383,50대
50 ~ 54세,2017,대장암,여자,1653681,601969,50대
50 ~ 54세,2017,간암,남자,60054,39607,50대
50 ~ 54세,2017,간암,여자,38758,29217,50대
50 ~ 54세,2017,유방암,남자,0,0,50대
50 ~ 54세,2017,유방암,여자,1103845,710364,50대
50 ~ 54세,2017,자궁경부암,남자,0,0,50대
50 ~ 54세,2017,자궁경부암,여자,1099829,694076,50대
50 ~ 54세,2018,위암,남자,1089944,601350,50대
50 ~ 54세,2018,위암,여자,1094960,698314,50대
50 ~ 54세,2018,대장암,남자,1682147,542552,50대
50 ~ 54세,2018,대장암,여자,1665753,650602,50대
50 ~ 54세,2018,간암,남자,70593,48778,50대
50 ~ 54세,2018,간암,여자,49774,37992,50대
50 ~ 54세,2018,유방암,남자,0,0,50대
50 ~ 54세,2018,유방암,여자,1100299,725258,50대
50 ~ 54세,2018,자궁경부암,남자,0,0,50대
50 ~ 54세,2018,자궁경부암,여자,1097417,715664,50대
50 ~ 54세,2019,위암,남자,1102180,627001,50대
50 ~ 54세,2019,위암,여자,1149882,742251,50대
50 ~ 54세,2019,대장암,남자,1721367,578580,50대
50 ~ 54세,2019,대장암,여자,1713946,686171,50대
50 ~ 54세,2019,간암,남자,76062,53979,50대
50 ~ 54세,2019,간암,여자,54902,42941,50대
50 ~ 54세,2019,유방암,남자,0,0,50대
50 ~ 54세,2019,유방암,여자,1148265,767093,50대
50 ~ 54세,2019,자궁경부암,남자,0,0,50대
50 ~ 54세,2019,자궁경부암,여자,1152316,757873,50대
55 ~ 59세,2010,위암,남자,641270,285258,50대
55 ~ 59세,2010,위암,여자,568376,337196,50대
55 ~ 59세,2010,대장암,남자,756466,247757,50대
55 ~ 59세,2010,대장암,여자,665268,289996,50대
55 ~ 59세,2010,간암,남자,53652,25142,50대
55 ~ 59세,2010,간암,여자,24332,14572,50대
55 ~ 59세,2010,유방암,남자,0,0,50대
55 ~ 59세,2010,유방암,여자,562875,345323,50대
55 ~ 59세,2010,자궁경부암,남자,0,0,50대
55 ~ 59세,2010,자궁경부암,여자,577929,298699,50대
55 ~ 59세,2011,위암,남자,655696,320179,50대
55 ~ 59세,2011,위암,여자,685639,414119,50대
55 ~ 59세,2011,대장암,남자,817150,253811,50대
55 ~ 59세,2011,대장암,여자,741133,319277,50대
55 ~ 59세,2011,간암,남자,65039,29006,50대
55 ~ 59세,2011,간암,여자,34795,20634,50대
55 ~ 59세,2011,유방암,남자,0,0,50대
55 ~ 59세,2011,유방암,여자,690174,425412,50대
55 ~ 59세,2011,자궁경부암,남자,0,0,50대
55 ~ 59세,2011,자궁경부암,여자,676571,370866,50대
55 ~ 59세,2012,위암,남자,627522,329496,50대
55 ~ 59세,2012,위암,여자,601661,399715,50대
55 ~ 59세,2012,대장암,남자,1464160,321450,50대
55 ~ 59세,2012,대장암,여자,1504850,397613,50대
55 ~ 59세,2012,간암,남자,95358,37749,50대
55 ~ 59세,2012,간암,여자,65144,29172,50대
55 ~ 59세,2012,유방암,남자,0,0,50대
55 ~ 59세,2012,유방암,여자,602536,404855,50대
55 ~ 59세,2012,자궁경부암,남자,0,0,50대
55 ~ 59세,2012,자궁경부암,여자,585092,359494,50대
55 ~ 59세,2013,위암,남자,651430,338965,50대
55 ~ 59세,2013,위암,여자,677920,442448,50대
55 ~ 59세,2013,대장암,남자,1444252,372266,50대
55 ~ 59세,2013,대장암,여자,1412672,459468,50대
55 ~ 59세,2013,간암,남자,86757,41391,50대
55 ~ 59세,2013,간암,여자,61044,33603,50대
55 ~ 59세,2013,유방암,남자,0,0,50대
55 ~ 59세,2013,유방암,여자,678697,447590,50대
55 ~ 59세,2013,자궁경부암,남자,0,0,50대
55 ~ 59세,2013,자궁경부암,여자,662931,403555,50대
55 ~ 59세,2014,위암,남자,651918,348839,50대
55 ~ 59세,2014,위암,여자,667563,441377,50대
55 ~ 59세,2014,대장암,남자,1518567,400274,50대
55 ~ 59세,2014,대장암,여자,1477814,480333,50대
55 ~ 59세,2014,간암,남자,89462,44563,50대
55 ~ 59세,2014,간암,여자,62585,35575,50대
55 ~ 59세,2014,유방암,남자,0,0,50대
55 ~ 59세,2014,유방암,여자,667539,447109,50대
55 ~ 59세,2014,자궁경부암,남자,0,0,50대
55 ~ 59세,2014,자궁경부암,여자,652428,407889,50대
55 ~ 59세,2015,위암,남자,716516,396632,50대
55 ~ 59세,2015,위암,여자,742881,494236,50대
55 ~ 59세,2015,대장암,남자,1602500,459811,50대
55 ~ 59세,2015,대장암,여자,1578495,548329,50대
55 ~ 59세,2015,간암,남자,99975,51931,50대
55 ~ 59세,2015,간암,여자,66365,39811,50대
55 ~ 59세,2015,유방암,여자,743428,503186,50대
55 ~ 59세,2015,자궁경부암,여자,728612,462516,50대
55 ~ 59세,2016,위암,남자,761507,431531,50대
55 ~ 59세,2016,위암,여자,795177,544696,50대
55 ~ 59세,2016,대장암,남자,1691604,490853,50대
55 ~ 59세,2016,대장암,여자,1676782,603242,50대
55 ~ 59세,2016,간암,남자,64784,40374,50대
55 ~ 59세,2016,간암,여자,46654,33226,50대
55 ~ 59세,2016,유방암,남자,0,0,50대
55 ~ 59세,2016,유방암,여자,794049,552706,50대
55 ~ 59세,2016,자궁경부암,남자,0,0,50대
55 ~ 59세,2016,자궁경부암,여자,778885,513553,50대
55 ~ 59세,2017,위암,남자,778625,443726,50대
55 ~ 59세,2017,위암,여자,815327,553936,50대
55 ~ 59세,2017,대장암,남자,1744960,529412,50대
55 ~ 59세,2017,대장암,여자,1735359,646383,50대
55 ~ 59세,2017,간암,남자,62327,40520,50대
55 ~ 59세,2017,간암,여자,43770,32393,50대
55 ~ 59세,2017,유방암,남자,0,0,50대
55 ~ 59세,2017,유방암,여자,814131,564513,50대
55 ~ 59세,2017,자궁경부암,남자,0,0,50대
55 ~ 59세,2017,자궁경부암,여자,802505,529448,50대
55 ~ 59세,2018,위암,남자,780822,460985,50대
55 ~ 59세,2018,위암,여자,816895,558639,50대
55 ~ 59세,2018,대장암,남자,1677732,578815,50대
55 ~ 59세,2018,대장암,여자,1690007,691794,50대
55 ~ 59세,2018,간암,남자,67954,47094,50대
55 ~ 59세,2018,간암,여자,50347,38691,50대
55 ~ 59세,2018,유방암,남자,0,0,50대
55 ~ 59세,2018,유방암,여자,815944,569669,50대
55 ~ 59세,2018,자궁경부암,남자,0,0,50대
55 ~ 59세,2018,자궁경부암,여자,805068,540192,50대
55 ~ 59세,2019,위암,남자,741387,445227,50대
55 ~ 59세,2019,위암,여자,780326,536602,50대
55 ~ 59세,2019,대장암,남자,1667201,589758,50대
55 ~ 59세,2019,대장암,여자,1685079,699883,50대
55 ~ 59세,2019,간암,남자,68002,48186,50대
55 ~ 59세,2019,간암,여자,50166,39493,50대
55 ~ 59세,2019,유방암,남자,0,0,50대
55 ~ 59세,2019,유방암,여자,774728,544724,50대
55 ~ 59세,2019,자궁경부암,남자,0,0,50대
55 ~ 59세,2019,자궁경부암,여자,768013,518811,50대
60 ~ 64세,2010,위암,남자,546138,287522,60대
60 ~ 64세,2010,위암,여자,564894,343419,60대
60 ~ 64세,2010,대장암,남자,644336,264859,60대
60 ~ 64세,2010,대장암,여자,644263,293986,60대
60 ~ 64세,2010,간암,남자,42675,22934,60대
60 ~ 64세,2010,간암,여자,24209,14121,60대
60 ~ 64세,2010,유방암,남자,0,0,60대
60 ~ 64세,2010,유방암,여자,562208,347002,60대
60 ~ 64세,2010,자궁경부암,남자,0,0,60대
60 ~ 64세,2010,자궁경부암,여자,578136,288418,60대
60 ~ 64세,2011,위암,남자,658152,361047,60대
60 ~ 64세,2011,위암,여자,699474,431869,60대
60 ~ 64세,2011,대장암,남자,711411,284413,60대
60 ~ 64세,2011,대장암,여자,712387,330221,60대
60 ~ 64세,2011,간암,남자,54694,28480,60대
60 ~ 64세,2011,간암,여자,33813,20124,60대
60 ~ 64세,2011,유방암,남자,0,0,60대
60 ~ 64세,2011,유방암,여자,700816,435377,60대
60 ~ 64세,2011,자궁경부암,남자,0,0,60대
60 ~ 64세,2011,자궁경부암,여자,692108,363911,60대
60 ~ 64세,2012,위암,남자,634345,385550,60대
60 ~ 64세,2012,위암,여자,670861,461781,60대
60 ~ 64세,2012,대장암,남자,998034,346644,60대
60 ~ 64세,2012,대장암,여자,1061590,410896,60대
60 ~ 64세,2012,간암,남자,64998,33014,60대
60 ~ 64세,2012,간암,여자,47087,25450,60대
60 ~ 64세,2012,유방암,남자,0,0,60대
60 ~ 64세,2012,유방암,여자,670728,461245,60대
60 ~ 64세,2012,자궁경부암,남자,0,0,60대
60 ~ 64세,2012,자궁경부암,여자,649103,393983,60대
60 ~ 64세,2013,위암,남자,605536,364749,60대
60 ~ 64세,2013,위암,여자,645139,439916,60대
60 ~ 64세,2013,대장암,남자,981435,359207,60대
60 ~ 64세,2013,대장암,여자,1016182,417665,60대
60 ~ 64세,2013,간암,남자,57852,32478,60대
60 ~ 64세,2013,간암,여자,44621,26667,60대
60 ~ 64세,2013,유방암,남자,0,0,60대
60 ~ 64세,2013,유방암,여자,644940,439621,60대
60 ~ 64세,2013,자궁경부암,남자,0,0,60대
60 ~ 64세,2013,자궁경부암,여자,627083,380933,60대
60 ~ 64세,2014,위암,남자,694739,422534,60대
60 ~ 64세,2014,위암,여자,734116,506474,60대
60 ~ 64세,2014,대장암,남자,1022894,398277,60대
60 ~ 64세,2014,대장암,여자,1055504,467452,60대
60 ~ 64세,2014,간암,남자,60092,35798,60대
60 ~ 64세,2014,간암,여자,45664,29214,60대
60 ~ 64세,2014,유방암,남자,0,0,60대
60 ~ 64세,2014,유방암,여자,734007,506779,60대
60 ~ 64세,2014,자궁경부암,남자,0,0,60대
60 ~ 64세,2014,자궁경부암,여자,714304,445557,60대
60 ~ 64세,2015,위암,남자,708782,442392,60대
60 ~ 64세,2015,위암,여자,762909,531565,60대
60 ~ 64세,2015,대장암,남자,1130687,447995,60대
60 ~ 64세,2015,대장암,여자,1177534,520204,60대
60 ~ 64세,2015,간암,남자,71735,43275,60대
60 ~ 64세,2015,간암,여자,51209,33365,60대
60 ~ 64세,2015,유방암,여자,763392,535185,60대
60 ~ 64세,2015,자궁경부암,여자,744589,474337,60대
60 ~ 64세,2016,위암,남자,808779,513266,60대
60 ~ 64세,2016,위암,여자,856862,611295,60대
60 ~ 64세,2016,대장암,남자,1236828,507032,60대
60 ~ 64세,2016,대장암,여자,1288936,595532,60대
60 ~ 64세,2016,간암,남자,46131,31846,60대
60 ~ 64세,2016,간암,여자,37087,27625,60대
60 ~ 64세,2016,유방암,남자,0,0,60대
60 ~ 64세,2016,유방암,여자,856724,615214,60대
60 ~ 64세,2016,자궁경부암,남자,0,0,60대
60 ~ 64세,2016,자궁경부암,여자,836477,549562,60대
60 ~ 64세,2017,위암,남자,857058,543701,60대
60 ~ 64세,2017,위암,여자,913547,646526,60대
60 ~ 64세,2017,대장암,남자,1322628,555814,60대
60 ~ 64세,2017,대장암,여자,1373627,647650,60대
60 ~ 64세,2017,간암,남자,46528,33018,60대
60 ~ 64세,2017,간암,여자,36827,28324,60대
60 ~ 64세,2017,유방암,남자,0,0,60대
60 ~ 64세,2017,유방암,여자,914038,653360,60대
60 ~ 64세,2017,자궁경부암,남자,0,0,60대
60 ~ 64세,2017,자궁경부암,여자,895390,588954,60대
60 ~ 64세,2018,위암,남자,868728,564556,60대
60 ~ 64세,2018,위암,여자,923326,656813,60대
60 ~ 64세,2018,대장암,남자,1345240,608050,60대
60 ~ 64세,2018,대장암,여자,1412978,695577,60대
60 ~ 64세,2018,간암,남자,56144,41614,60대
60 ~ 64세,2018,간암,여자,44737,35558,60대
60 ~ 64세,2018,유방암,남자,0,0,60대
60 ~ 64세,2018,유방암,여자,923699,663966,60대
60 ~ 64세,2018,자궁경부암,남자,0,0,60대
60 ~ 64세,2018,자궁경부암,여자,903969,603836,60대
60 ~ 64세,2019,위암,남자,957075,628257,60대
60 ~ 64세,2019,위암,여자,1045816,744556,60대
60 ~ 64세,2019,대장암,남자,1419345,656273,60대
60 ~ 64세,2019,대장암,여자,1520198,768088,60대
60 ~ 64세,2019,간암,남자,60527,45718,60대
60 ~ 64세,2019,간암,여자,48159,39041,60대
60 ~ 64세,2019,유방암,남자,0,0,60대
60 ~ 64세,2019,유방암,여자,1042550,751766,60대
60 ~ 64세,2019,자궁경부암,남자,0,0,60대
60 ~ 64세,2019,자궁경부암,여자,1026310,685304,60대
65 ~ 69세,2010,위암,남자,352669,204664,60대
65 ~ 69세,2010,위암,여자,391614,242281,60대
65 ~ 69세,2010,대장암,남자,414942,190387,60대
65 ~ 69세,2010,대장암,여자,434055,193498,60대
65 ~ 69세,2010,간암,남자,23812,13273,60대
65 ~ 69세,2010,간암,여자,13693,7615,60대
65 ~ 69세,2010,유방암,남자,0,0,60대
65 ~ 69세,2010,유방암,여자,390917,240511,60대
65 ~ 69세,2010,자궁경부암,남자,0,0,60대
65 ~ 69세,2010,자궁경부암,여자,403908,179324,60대
65 ~ 69세,2011,위암,남자,354663,213359,60대
65 ~ 69세,2011,위암,여자,383250,240577,60대
65 ~ 69세,2011,대장암,남자,400993,179107,60대
65 ~ 69세,2011,대장암,여자,387861,179766,60대
65 ~ 69세,2011,간암,남자,27472,14972,60대
65 ~ 69세,2011,간암,여자,16380,9294,60대
65 ~ 69세,2011,유방암,남자,0,0,60대
65 ~ 69세,2011,유방암,여자,383018,238244,60대
65 ~ 69세,2011,자궁경부암,남자,0,0,60대
65 ~ 69세,2011,자궁경부암,여자,371642,181956,60대
65 ~ 69세,2012,위암,남자,308865,203012,60대
65 ~ 69세,2012,위암,여자,346672,239475,60대
65 ~ 69세,2012,대장암,남자,792355,243876,60대
65 ~ 69세,2012,대장암,여자,890732,264391,60대
65 ~ 69세,2012,간암,남자,48596,21173,60대
65 ~ 69세,2012,간암,여자,36744,15693,60대
65 ~ 69세,2012,유방암,남자,0,0,60대
65 ~ 69세,2012,유방암,여자,341715,234635,60대
65 ~ 69세,2012,자궁경부암,남자,0,0,60대
65 ~ 69세,2012,자궁경부암,여자,325404,185825,60대
65 ~ 69세,2013,위암,남자,337680,224468,60대
65 ~ 69세,2013,위암,여자,374709,262805,60대
65 ~ 69세,2013,대장암,남자,757936,280711,60대
65 ~ 69세,2013,대장암,여자,818638,298027,60대
65 ~ 69세,2013,간암,남자,42447,22497,60대
65 ~ 69세,2013,간암,여자,34305,18208,60대
65 ~ 69세,2013,유방암,남자,0,0,60대
65 ~ 69세,2013,유방암,여자,373290,258405,60대
65 ~ 69세,2013,자궁경부암,남자,0,0,60대
65 ~ 69세,2013,자궁경부암,여자,357872,210512,60대
65 ~ 69세,2014,위암,남자,352376,237576,60대
65 ~ 69세,2014,위암,여자,382333,273568,60대
65 ~ 69세,2014,대장암,남자,789927,300597,60대
65 ~ 69세,2014,대장암,여자,837209,316010,60대
65 ~ 69세,2014,간암,남자,43705,24254,60대
65 ~ 69세,2014,간암,여자,34437,19258,60대
65 ~ 69세,2014,유방암,남자,0,0,60대
65 ~ 69세,2014,유방암,여자,380318,268874,60대
65 ~ 69세,2014,자궁경부암,남자,0,0,60대
65 ~ 69세,2014,자궁경부암,여자,364166,222504,60대
65 ~ 69세,2015,위암,남자,394631,273202,60대
65 ~ 69세,2015,위암,여자,433198,313231,60대
65 ~ 69세,2015,대장암,남자,849473,351507,60대
65 ~ 69세,2015,대장암,여자,904461,365221,60대
65 ~ 69세,2015,간암,남자,50714,29764,60대
65 ~ 69세,2015,간암,여자,37410,22395,60대
65 ~ 69세,2015,유방암,여자,430639,308372,60대
65 ~ 69세,2015,자궁경부암,여자,414522,257343,60대
65 ~ 69세,2016,위암,남자,394631,277228,60대
65 ~ 69세,2016,위암,여자,429477,318689,60대
65 ~ 69세,2016,대장암,남자,868247,367616,60대
65 ~ 69세,2016,대장암,여자,925413,387019,60대
65 ~ 69세,2016,간암,남자,29127,19521,60대
65 ~ 69세,2016,간암,여자,25298,17506,60대
65 ~ 69세,2016,유방암,남자,0,0,60대
65 ~ 69세,2016,유방암,여자,426186,313146,60대
65 ~ 69세,2016,자궁경부암,남자,0,0,60대
65 ~ 69세,2016,자궁경부암,여자,410924,264478,60대
65 ~ 69세,2017,위암,남자,384372,273301,60대
65 ~ 69세,2017,위암,여자,418898,311608,60대
65 ~ 69세,2017,대장암,남자,925227,400697,60대
65 ~ 69세,2017,대장암,여자,981655,412379,60대
65 ~ 69세,2017,간암,남자,29304,20325,60대
65 ~ 69세,2017,간암,여자,25181,17998,60대
65 ~ 69세,2017,유방암,남자,0,0,60대
65 ~ 69세,2017,유방암,여자,415933,307594,60대
65 ~ 69세,2017,자궁경부암,남자,0,0,60대
65 ~ 69세,2017,자궁경부암,여자,402351,262607,60대
65 ~ 69세,2018,위암,남자,435899,309603,60대
65 ~ 69세,2018,위암,여자,481318,354726,60대
65 ~ 69세,2018,대장암,남자,902842,441455,60대
65 ~ 69세,2018,대장암,여자,985007,463932,60대
65 ~ 69세,2018,간암,남자,34208,25186,60대
65 ~ 69세,2018,간암,여자,30385,23083,60대
65 ~ 69세,2018,유방암,남자,0,0,60대
65 ~ 69세,2018,유방암,여자,477196,349603,60대
65 ~ 69세,2018,자궁경부암,남자,0,0,60대
65 ~ 69세,2018,자궁경부암,여자,462774,302888,60대
65 ~ 69세,2019,위암,남자,406590,293233,60대
65 ~ 69세,2019,위암,여자,453292,337966,60대
65 ~ 69세,2019,대장암,남자,960709,467487,60대
65 ~ 69세,2019,대장암,여자,1046750,492641,60대
65 ~ 69세,2019,간암,남자,37632,28265,60대
65 ~ 69세,2019,간암,여자,32995,25716,60대
65 ~ 69세,2019,유방암,남자,0,0,60대
65 ~ 69세,2019,유방암,여자,447417,332053,60대
65 ~ 69세,2019,자궁경부암,남자,0,0,60대
65 ~ 69세,2019,자궁경부암,여자,435449,289141,60대
70 ~ 74세,2010,위암,남자,336926,181307,70대
70 ~ 74세,2010,위암,여자,428410,218985,70대
70 ~ 74세,2010,대장암,남자,378949,147443,70대
70 ~ 74세,2010,대장암,여자,472213,154144,70대
70 ~ 74세,2010,간암,남자,19275,9042,70대
70 ~ 74세,2010,간암,여자,13105,5706,70대
70 ~ 74세,2010,유방암,남자,0,0,70대
70 ~ 74세,2010,유방암,여자,429060,210044,70대
70 ~ 74세,2010,자궁경부암,남자,0,0,70대
70 ~ 74세,2010,자궁경부암,여자,446703,133452,70대
70 ~ 74세,2011,위암,남자,424453,232641,70대
70 ~ 74세,2011,위암,여자,529736,277446,70대
70 ~ 74세,2011,대장암,남자,432227,171799,70대
70 ~ 74세,2011,대장암,여자,523387,187195,70대
70 ~ 74세,2011,간암,남자,26368,12454,70대
70 ~ 74세,2011,간암,여자,19483,9089,70대
70 ~ 74세,2011,유방암,남자,0,0,70대
70 ~ 74세,2011,유방암,여자,528920,262837,70대
70 ~ 74세,2011,자궁경부암,남자,0,0,70대
70 ~ 74세,2011,자궁경부암,여자,520395,175007,70대
70 ~ 74세,2012,위암,남자,404665,251206,70대
70 ~ 74세,2012,위암,여자,499988,301468,70대
70 ~ 74세,2012,대장암,남자,669566,240144,70대
70 ~ 74세,2012,대장암,여자,829975,266659,70대
70 ~ 74세,2012,간암,남자,35743,16574,70대
70 ~ 74세,2012,간암,여자,29689,13044,70대
70 ~ 74세,2012,유방암,남자,0,0,70대
70 ~ 74세,2012,유방암,여자,495383,283241,70대
70 ~ 74세,2012,자궁경부암,남자,0,0,70대
70 ~ 74세,2012,자궁경부암,여자,472092,196264,70대
70 ~ 74세,2013,위암,남자,396704,247753,70대
70 ~ 74세,2013,위암,여자,493625,298665,70대
70 ~ 74세,2013,대장암,남자,640609,253877,70대
70 ~ 74세,2013,대장암,여자,784450,283032,70대
70 ~ 74세,2013,간암,남자,30679,16067,70대
70 ~ 74세,2013,간암,여자,28257,14120,70대
70 ~ 74세,2013,유방암,남자,0,0,70대
70 ~ 74세,2013,유방암,여자,489388,280827,70대
70 ~ 74세,2013,자궁경부암,남자,0,0,70대
70 ~ 74세,2013,자궁경부암,여자,467381,201103,70대
70 ~ 74세,2014,위암,남자,414066,264592,70대
70 ~ 74세,2014,위암,여자,507210,320268,70대
70 ~ 74세,2014,대장암,남자,634532,269885,70대
70 ~ 74세,2014,대장암,여자,765098,306087,70대
70 ~ 74세,2014,간암,남자,30083,16717,70대
70 ~ 74세,2014,간암,여자,27481,14830,70대
70 ~ 74세,2014,유방암,남자,0,0,70대
70 ~ 74세,2014,유방암,여자,501835,300984,70대
70 ~ 74세,2014,자궁경부암,남자,0,0,70대
70 ~ 74세,2014,자궁경부암,여자,478112,222003,70대
70 ~ 74세,2015,위암,남자,396953,263298,70대
70 ~ 74세,2015,위암,여자,479980,312227,70대
70 ~ 74세,2015,대장암,남자,647570,285377,70대
70 ~ 74세,2015,대장암,여자,772095,314549,70대
70 ~ 74세,2015,간암,남자,33533,19228,70대
70 ~ 74세,2015,간암,여자,28056,15686,70대
70 ~ 74세,2015,유방암,여자,474790,293509,70대
70 ~ 74세,2015,자궁경부암,여자,453865,220133,70대
70 ~ 74세,2016,위암,남자,437602,293573,70대
70 ~ 74세,2016,위암,여자,520990,348096,70대
70 ~ 74세,2016,대장암,남자,652051,305555,70대
70 ~ 74세,2016,대장암,여자,766096,340333,70대
70 ~ 74세,2016,간암,남자,18589,12058,70대
70 ~ 74세,2016,간암,여자,17864,11571,70대
70 ~ 74세,2016,유방암,남자,0,0,70대
70 ~ 74세,2016,유방암,여자,515414,328143,70대
70 ~ 74세,2016,자궁경부암,남자,0,0,70대
70 ~ 74세,2016,자궁경부암,여자,495406,251517,70대
70 ~ 74세,2017,위암,남자,435549,295526,70대
70 ~ 74세,2017,위암,여자,512507,347969,70대
70 ~ 74세,2017,대장암,남자,667940,319677,70대
70 ~ 74세,2017,대장암,여자,773115,349743,70대
70 ~ 74세,2017,간암,남자,18351,12199,70대
70 ~ 74세,2017,간암,여자,17493,12009,70대
70 ~ 74세,2017,유방암,남자,0,0,70대
70 ~ 74세,2017,유방암,여자,507274,330298,70대
70 ~ 74세,2017,자궁경부암,남자,0,0,70대
70 ~ 74세,2017,자궁경부암,여자,489322,260636,70대
70 ~ 74세,2018,위암,남자,447528,305014,70대
70 ~ 74세,2018,위암,여자,521616,353449,70대
70 ~ 74세,2018,대장암,남자,675346,339392,70대
70 ~ 74세,2018,대장암,여자,785877,363426,70대
70 ~ 74세,2018,간암,남자,22461,15661,70대
70 ~ 74세,2018,간암,여자,21406,15256,70대
70 ~ 74세,2018,유방암,남자,0,0,70대
70 ~ 74세,2018,유방암,여자,516118,335866,70대
70 ~ 74세,2018,자궁경부암,남자,0,0,70대
70 ~ 74세,2018,자궁경부암,여자,498789,269180,70대
70 ~ 74세,2019,위암,남자,475196,332081,70대
70 ~ 74세,2019,위암,여자,555987,387205,70대
70 ~ 74세,2019,대장암,남자,720742,378164,70대
70 ~ 74세,2019,대장암,여자,830226,404919,70대
70 ~ 74세,2019,간암,남자,24462,17557,70대
70 ~ 74세,2019,간암,여자,23100,17223,70대
70 ~ 74세,2019,유방암,남자,0,0,70대
70 ~ 74세,2019,유방암,여자,549349,368693,70대
70 ~ 74세,2019,자궁경부암,남자,0,0,70대
70 ~ 74세,2019,자궁경부암,여자,533934,299267,70대
75 ~ 79세,2010,위암,남자,143156,66752,70대
75 ~ 79세,2010,위암,여자,218743,87329,70대
75 ~ 79세,2010,대장암,남자,156186,47173,70대
75 ~ 79세,2010,대장암,여자,236118,50157,70대
75 ~ 79세,2010,간암,남자,6525,2352,70대
75 ~ 79세,2010,간암,여자,6089,1871,70대
75 ~ 79세,2010,유방암,남자,0,0,70대
75 ~ 79세,2010,유방암,여자,218965,83579,70대
75 ~ 79세,2010,자궁경부암,남자,0,0,70대
75 ~ 79세,2010,자궁경부암,여자,228121,41125,70대
75 ~ 79세,2011,위암,남자,172255,81836,70대
75 ~ 79세,2011,위암,여자,261621,106198,70대
75 ~ 79세,2011,대장암,남자,173172,55013,70대
75 ~ 79세,2011,대장암,여자,252524,60792,70대
75 ~ 79세,2011,간암,남자,8614,3288,70대
75 ~ 79세,2011,간암,여자,7356,2441,70대
75 ~ 79세,2011,유방암,남자,0,0,70대
75 ~ 79세,2011,유방암,여자,260920,98902,70대
75 ~ 79세,2011,자궁경부암,남자,0,0,70대
75 ~ 79세,2011,자궁경부암,여자,251050,52043,70대
75 ~ 79세,2012,위암,남자,164048,88754,70대
75 ~ 79세,2012,위암,여자,236755,112939,70대
75 ~ 79세,2012,대장암,남자,409002,98707,70대
75 ~ 79세,2012,대장암,여자,601134,110022,70대
75 ~ 79세,2012,간암,남자,17853,5873,70대
75 ~ 79세,2012,간암,여자,17555,4961,70대
75 ~ 79세,2012,유방암,남자,0,0,70대
75 ~ 79세,2012,유방암,여자,234290,103599,70대
75 ~ 79세,2012,자궁경부암,남자,0,0,70대
75 ~ 79세,2012,자궁경부암,여자,218386,57489,70대
75 ~ 79세,2013,위암,남자,176316,97028,70대
75 ~ 79세,2013,위암,여자,253976,123919,70대
75 ~ 79세,2013,대장암,남자,398381,115898,70대
75 ~ 79세,2013,대장암,여자,564468,130675,70대
75 ~ 79세,2013,간암,남자,15787,6375,70대
75 ~ 79세,2013,간암,여자,16577,5733,70대
75 ~ 79세,2013,유방암,남자,0,0,70대
75 ~ 79세,2013,유방암,여자,251276,113645,70대
75 ~ 79세,2013,자궁경부암,남자,0,0,70대
75 ~ 79세,2013,자궁경부암,여자,234387,65889,70대
75 ~ 79세,2014,위암,남자,183342,105641,70대
75 ~ 79세,2014,위암,여자,259440,135561,70대
75 ~ 79세,2014,대장암,남자,417016,131217,70대
75 ~ 79세,2014,대장암,여자,577778,151382,70대
75 ~ 79세,2014,간암,남자,16226,7052,70대
75 ~ 79세,2014,간암,여자,16841,6396,70대
75 ~ 79세,2014,유방암,남자,0,0,70대
75 ~ 79세,2014,유방암,여자,255562,123490,70대
75 ~ 79세,2014,자궁경부암,남자,0,0,70대
75 ~ 79세,2014,자궁경부암,여자,236313,73968,70대
75 ~ 79세,2015,위암,남자,202441,121755,70대
75 ~ 79세,2015,위암,여자,280986,151085,70대
75 ~ 79세,2015,대장암,남자,445921,153817,70대
75 ~ 79세,2015,대장암,여자,609690,171345,70대
75 ~ 79세,2015,간암,남자,18873,8746,70대
75 ~ 79세,2015,간암,여자,18386,7538,70대
75 ~ 79세,2015,유방암,여자,276412,135857,70대
75 ~ 79세,2015,자궁경부암,여자,258023,83638,70대
75 ~ 79세,2016,위암,남자,204247,125857,70대
75 ~ 79세,2016,위암,여자,282220,158659,70대
75 ~ 79세,2016,대장암,남자,472876,167829,70대
75 ~ 79세,2016,대장암,여자,636161,188301,70대
75 ~ 79세,2016,간암,남자,10565,5677,70대
75 ~ 79세,2016,간암,여자,12127,5990,70대
75 ~ 79세,2016,유방암,남자,0,0,70대
75 ~ 79세,2016,유방암,여자,276913,142309,70대
75 ~ 79세,2016,자궁경부암,남자,0,0,70대
75 ~ 79세,2016,자궁경부암,여자,259241,91338,70대
75 ~ 79세,2017,위암,남자,228774,143086,70대
75 ~ 79세,2017,위암,여자,310373,176571,70대
75 ~ 79세,2017,대장암,남자,527821,195958,70대
75 ~ 79세,2017,대장암,여자,699988,215356,70대
75 ~ 79세,2017,간암,남자,11292,6428,70대
75 ~ 79세,2017,간암,여자,12546,6731,70대
75 ~ 79세,2017,유방암,남자,0,0,70대
75 ~ 79세,2017,유방암,여자,305006,158508,70대
75 ~ 79세,2017,자궁경부암,남자,0,0,70대
75 ~ 79세,2017,자궁경부암,여자,287897,105156,70대
75 ~ 79세,2018,위암,남자,250444,158126,70대
75 ~ 79세,2018,위암,여자,335511,192231,70대
75 ~ 79세,2018,대장암,남자,523940,214416,70대
75 ~ 79세,2018,대장암,여자,702451,230135,70대
75 ~ 79세,2018,간암,남자,13688,8159,70대
75 ~ 79세,2018,간암,여자,15223,8611,70대
75 ~ 79세,2018,유방암,남자,0,0,70대
75 ~ 79세,2018,유방암,여자,329287,171663,70대
75 ~ 79세,2018,자궁경부암,남자,0,0,70대
75 ~ 79세,2018,자궁경부암,여자,313313,118347,70대
75 ~ 79세,2019,위암,남자,237624,154913,70대
75 ~ 79세,2019,위암,여자,320456,192372,70대
75 ~ 79세,2019,대장암,남자,534708,229418,70대
75 ~ 79세,2019,대장암,여자,708781,245259,70대
75 ~ 79세,2019,간암,남자,14351,8912,70대
75 ~ 79세,2019,간암,여자,16036,9798,70대
75 ~ 79세,2019,유방암,남자,0,0,70대
75 ~ 79세,2019,유방암,여자,313343,170784,70대
75 ~ 79세,2019,자궁경부암,남자,0,0,70대
75 ~ 79세,2019,자궁경부암,여자,299005,120407,70대
80 ~ 84세,2010,위암,남자,87281,28252,80대
80 ~ 84세,2010,위암,여자,178910,38679,80대
80 ~ 84세,2010,대장암,남자,92063,16948,80대
80 ~ 84세,2010,대장암,여자,188128,19151,80대
80 ~ 84세,2010,간암,남자,2814,737,80대
80 ~ 84세,2010,간암,여자,2974,577,80대
80 ~ 84세,2010,유방암,남자,0,0,80대
80 ~ 84세,2010,유방암,여자,178796,37136,80대
80 ~ 84세,2010,자궁경부암,남자,0,0,80대
80 ~ 84세,2010,자궁경부암,여자,185108,14729,80대
80 ~ 84세,2011,위암,남자,107734,35262,80대
80 ~ 84세,2011,위암,여자,222786,48657,80대
80 ~ 84세,2011,대장암,남자,106934,22093,80대
80 ~ 84세,2011,대장암,여자,219755,26172,80대
80 ~ 84세,2011,간암,남자,4263,1130,80대
80 ~ 84세,2011,간암,여자,4762,979,80대
80 ~ 84세,2011,유방암,남자,0,0,80대
80 ~ 84세,2011,유방암,여자,222688,45315,80대
80 ~ 84세,2011,자궁경부암,남자,0,0,80대
80 ~ 84세,2011,자궁경부암,여자,219206,19634,80대
80 ~ 84세,2012,위암,남자,101806,40610,80대
80 ~ 84세,2012,위암,여자,195054,55606,80대
80 ~ 84세,2012,대장암,남자,170473,35254,80대
80 ~ 84세,2012,대장암,여자,338363,42487,80대
80 ~ 84세,2012,간암,남자,6135,1680,80대
80 ~ 84세,2012,간암,여자,7248,1662,80대
80 ~ 84세,2012,유방암,남자,0,0,80대
80 ~ 84세,2012,유방암,여자,193783,50629,80대
80 ~ 84세,2012,자궁경부암,남자,0,0,80대
80 ~ 84세,2012,자궁경부암,여자,185265,23020,80대
80 ~ 84세,2013,위암,남자,110984,45147,80대
80 ~ 84세,2013,위암,여자,205598,60049,80대
80 ~ 84세,2013,대장암,남자,174122,42162,80대
80 ~ 84세,2013,대장암,여자,328635,51156,80대
80 ~ 84세,2013,간암,남자,5669,1867,80대
80 ~ 84세,2013,간암,여자,7064,1876,80대
80 ~ 84세,2013,유방암,남자,0,0,80대
80 ~ 84세,2013,유방암,여자,204420,55176,80대
80 ~ 84세,2013,자궁경부암,남자,0,0,80대
80 ~ 84세,2013,자궁경부암,여자,194874,25746,80대
80 ~ 84세,2014,위암,남자,123361,53445,80대
80 ~ 84세,2014,위암,여자,222113,71651,80대
80 ~ 84세,2014,대장암,남자,189049,51955,80대
80 ~ 84세,2014,대장암,여자,341931,65388,80대
80 ~ 84세,2014,간암,남자,5874,2200,80대
80 ~ 84세,2014,간암,여자,7476,2269,80대
80 ~ 84세,2014,유방암,남자,0,0,80대
80 ~ 84세,2014,유방암,여자,220079,65039,80대
80 ~ 84세,2014,자궁경부암,남자,0,0,80대
80 ~ 84세,2014,자궁경부암,여자,208551,31641,80대
80 ~ 84세,2015,위암,남자,139738,64267,80대
80 ~ 84세,2015,위암,여자,240572,82455,80대
80 ~ 84세,2015,대장암,남자,220294,65564,80대
80 ~ 84세,2015,대장암,여자,380523,77968,80대
80 ~ 84세,2015,간암,남자,7408,2812,80대
80 ~ 84세,2015,간암,여자,8708,2698,80대
80 ~ 84세,2015,유방암,여자,237923,73246,80대
80 ~ 84세,2015,자궁경부암,여자,225798,36311,80대
80 ~ 84세,2016,위암,남자,155890,73739,80대
80 ~ 84세,2016,위암,여자,259831,93080,80대
80 ~ 84세,2016,대장암,남자,244761,77028,80대
80 ~ 84세,2016,대장암,여자,409219,91377,80대
80 ~ 84세,2016,간암,남자,4241,1944,80대
80 ~ 84세,2016,간암,여자,5667,2132,80대
80 ~ 84세,2016,유방암,남자,0,0,80대
80 ~ 84세,2016,유방암,여자,256505,81624,80대
80 ~ 84세,2016,자궁경부암,남자,0,0,80대
80 ~ 84세,2016,자궁경부암,여자,244126,42639,80대
80 ~ 84세,2017,위암,남자,170997,82680,80대
80 ~ 84세,2017,위암,여자,279448,102562,80대
80 ~ 84세,2017,대장암,남자,270965,89259,80대
80 ~ 84세,2017,대장암,여자,442466,103232,80대
80 ~ 84세,2017,간암,남자,4387,2143,80대
80 ~ 84세,2017,간암,여자,5879,2474,80대
80 ~ 84세,2017,유방암,남자,0,0,80대
80 ~ 84세,2017,유방암,여자,275997,89817,80대
80 ~ 84세,2017,자궁경부암,남자,0,0,80대
80 ~ 84세,2017,자궁경부암,여자,263398,48488,80대
80 ~ 84세,2018,위암,남자,186796,90119,80대
80 ~ 84세,2018,위암,여자,299953,109136,80대
80 ~ 84세,2018,대장암,남자,286899,96481,80대
80 ~ 84세,2018,대장암,여자,467781,109013,80대
80 ~ 84세,2018,간암,남자,5561,2843,80대
80 ~ 84세,2018,간암,여자,7552,3236,80대
80 ~ 84세,2018,유방암,남자,0,0,80대
80 ~ 84세,2018,유방암,여자,295741,94194,80대
80 ~ 84세,2018,자궁경부암,남자,0,0,80대
80 ~ 84세,2018,자궁경부암,여자,284131,52603,80대
80 ~ 84세,2019,위암,남자,206812,104302,80대
80 ~ 84세,2019,위암,여자,326479,126797,80대
80 ~ 84세,2019,대장암,남자,316332,114273,80대
80 ~ 84세,2019,대장암,여자,502637,127677,80대
80 ~ 84세,2019,간암,남자,6361,3447,80대
80 ~ 84세,2019,간암,여자,8280,3814,80대
80 ~ 84세,2019,유방암,남자,0,0,80대
80 ~ 84세,2019,유방암,여자,321718,107652,80대
80 ~ 84세,2019,자궁경부암,남자,0,0,80대
80 ~ 84세,2019,자궁경부암,여자,309452,62472,80대
85세 이상,2010,위암,남자,36195,6649,80대
85세 이상,2010,위암,여자,91513,7398,80대
85세 이상,2010,대장암,남자,37395,3376,80대
85세 이상,2010,대장암,여자,93376,3456,80대
85세 이상,2010,간암,남자,773,136,80대
85세 이상,2010,간암,여자,1226,69,80대
85세 이상,2010,유방암,남자,0,0,80대
85세 이상,2010,유방암,여자,91399,7388,80대
85세 이상,2010,자궁경부암,남자,0,0,80대
85세 이상,2010,자궁경부암,여자,92946,2095,80대
85세 이상,2011,위암,남자,42972,7585,80대
85세 이상,2011,위암,여자,117382,8606,80대
85세 이상,2011,대장암,남자,42517,4236,80대
85세 이상,2011,대장암,여자,116275,4900,80대
85세 이상,2011,간암,남자,995,167,80대
85세 이상,2011,간암,여자,1420,131,80대
85세 이상,2011,유방암,남자,0,0,80대
85세 이상,2011,유방암,여자,117438,8227,80대
85세 이상,2011,자궁경부암,남자,0,0,80대
85세 이상,2011,자궁경부암,여자,115832,2646,80대
85세 이상,2012,위암,남자,35066,7935,80대
85세 이상,2012,위암,여자,88750,8993,80대
85세 이상,2012,대장암,남자,87994,8089,80대
85세 이상,2012,대장암,여자,236858,10046,80대
85세 이상,2012,간암,남자,2094,355,80대
85세 이상,2012,간암,여자,2918,264,80대
85세 이상,2012,유방암,남자,0,0,80대
85세 이상,2012,유방암,여자,88645,8512,80대
85세 이상,2012,자궁경부암,남자,0,0,80대
85세 이상,2012,자궁경부암,여자,85959,2754,80대
85세 이상,2013,위암,남자,39207,8797,80대
85세 이상,2013,위암,여자,104408,11231,80대
85세 이상,2013,대장암,남자,84339,9969,80대
85세 이상,2013,대장암,여자,222709,14176,80대
85세 이상,2013,간암,남자,1915,408,80대
85세 이상,2013,간암,여자,2858,400,80대
85세 이상,2013,유방암,남자,0,0,80대
85세 이상,2013,유방암,여자,104490,11029,80대
85세 이상,2013,자궁경부암,남자,0,0,80대
85세 이상,2013,자궁경부암,여자,101048,3857,80대
85세 이상,2014,위암,남자,40437,9938,80대
85세 이상,2014,위암,여자,106482,13170,80대
85세 이상,2014,대장암,남자,89303,12355,80대
85세 이상,2014,대장암,여자,234726,18937,80대
85세 이상,2014,간암,남자,1965,426,80대
85세 이상,2014,간암,여자,3050,447,80대
85세 이상,2014,유방암,남자,0,0,80대
85세 이상,2014,유방암,여자,106249,12426,80대
85세 이상,2014,자궁경부암,남자,0,0,80대
85세 이상,2014,자궁경부암,여자,102077,4256,80대
85세 이상,2015,위암,남자,46548,11674,80대
85세 이상,2015,위암,여자,122556,15908,80대
85세 이상,2015,대장암,남자,97970,14880,80대
85세 이상,2015,대장암,여자,260358,21731,80대
85세 이상,2015,간암,남자,2348,536,80대
85세 이상,2015,간암,여자,3656,582,80대
85세 이상,2015,유방암,여자,122221,14709,80대
85세 이상,2015,자궁경부암,여자,117576,5010,80대
85세 이상,2016,위암,남자,47752,12575,80대
85세 이상,2016,위암,여자,127073,17565,80대
85세 이상,2016,대장암,남자,105182,17083,80대
85세 이상,2016,대장암,여자,275862,24965,80대
85세 이상,2016,간암,남자,1307,355,80대
85세 이상,2016,간암,여자,2220,441,80대
85세 이상,2016,유방암,남자,0,0,80대
85세 이상,2016,유방암,여자,126466,16006,80대
85세 이상,2016,자궁경부암,남자,0,0,80대
85세 이상,2016,자궁경부암,여자,121899,6156,80대
85세 이상,2017,위암,남자,54076,14435,80대
85세 이상,2017,위암,여자,141588,19890,80대
85세 이상,2017,대장암,남자,118977,19936,80대
85세 이상,2017,대장암,여자,306228,28228,80대
85세 이상,2017,간암,남자,1388,428,80대
85세 이상,2017,간암,여자,2319,524,80대
85세 이상,2017,유방암,남자,0,0,80대
85세 이상,2017,유방암,여자,140901,18197,80대
85세 이상,2017,자궁경부암,남자,0,0,80대
85세 이상,2017,자궁경부암,여자,135881,6977,80대
85세 이상,2018,위암,남자,61129,15873,80대
85세 이상,2018,위암,여자,156623,21351,80대
85세 이상,2018,대장암,남자,130582,22609,80대
85세 이상,2018,대장암,여자,331322,30319,80대
85세 이상,2018,간암,남자,1815,552,80대
85세 이상,2018,간암,여자,3083,715,80대
85세 이상,2018,유방암,남자,0,0,80대
85세 이상,2018,유방암,여자,155678,18981,80대
85세 이상,2018,자궁경부암,남자,0,0,80대
85세 이상,2018,자궁경부암,여자,150812,7694,80대
85세 이상,2019,위암,남자,69158,19475,80대
85세 이상,2019,위암,여자,172662,26355,80대
85세 이상,2019,대장암,남자,150244,28315,80대
85세 이상,2019,대장암,여자,369494,37486,80대
85세 이상,2019,간암,남자,2011,661,80대
85세 이상,2019,간암,여자,3592,914,80대
85세 이상,2019,유방암,남자,0,0,80대
85세 이상,2019,유방암,여자,171274,22476,80대
85세 이상,2019,자궁경부암,남자,0,0,80대
85세 이상,2019,자궁경부암,여자,165503,9123,80대
